"scenario","representation","family","association_method","bandwidth","confounding_strength","active_region_scale","local_correlation","method","level","n_rep","n_truth_mean","n_truth_sd","n_selected_mean","n_selected_sd","tp_mean","tp_sd","fp_mean","fp_sd","fn_mean","fn_sd","tn_mean","tn_sd","precision_mean","precision_sd","recall_mean","recall_sd","specificity_mean","specificity_sd","f1_mean","f1_sd","jaccard_mean","jaccard_sd","selection_rate_mean","selection_rate_sd"
"confounded_blocks","grid","gaussian","hybrid",4,0.6,0.5,0,"plain_selectboost","feature",3,7,0,22,4.35889894354067,7,0,15,4.35889894354067,0,0,40,4.35889894354067,0.325893437296946,0.0584373087768632,1,0,0.727272727272727,0.0792527080643759,0.489581587620803,0.0681251152199679,0.325893437296946,0.0584373087768632,0.354838709677419,0.0703048216700109
"confounded_blocks","grid","gaussian","hybrid",4,0.6,0.5,0,"selectboost","feature",3,7,0,20.3333333333333,3.78593889720018,7,0,13.3333333333333,3.78593889720018,0,0,41.6666666666667,3.78593889720018,0.353343214756258,0.0732094134059352,1,0,0.757575757575758,0.0688352526763669,0.519373646510078,0.0777724454284877,0.353343214756258,0.0732094134059352,0.327956989247312,0.061063530600003
"confounded_blocks","grid","gaussian","hybrid",4,0.6,0.5,2,"plain_selectboost","feature",3,7,0,22.3333333333333,5.5075705472861,6.66666666666667,0.577350269189626,15.6666666666667,5.5075705472861,0.333333333333333,0.577350269189626,39.3333333333333,5.5075705472861,0.311497326203209,0.0875744985837557,0.952380952380952,0.0824786098842323,0.715151515151515,0.100137646314293,0.465708812260536,0.102099012697907,0.307544757033248,0.0904206014445066,0.360215053763441,0.0888317830207436
"confounded_blocks","grid","gaussian","hybrid",4,0.6,0.5,2,"selectboost","feature",3,7,0,16.3333333333333,1.15470053837925,6.33333333333333,0.577350269189626,10,1,0.666666666666667,0.577350269189626,45,1,0.388235294117647,0.0311264860125246,0.904761904761905,0.0824786098842323,0.818181818181818,0.0181818181818181,0.542929292929293,0.041724019297622,0.373366013071895,0.0392412090147805,0.263440860215054,0.0186242022319234
"confounded_blocks","grid","gaussian","hybrid",4,0.6,0.8,0,"plain_selectboost","feature",3,10,0,21,2.64575131106459,9.33333333333333,0.577350269189626,11.6666666666667,2.08166599946613,0.666666666666667,0.577350269189626,40.3333333333333,2.08166599946613,0.446783625730994,0.0286445260831017,0.933333333333333,0.0577350269189626,0.775641025641026,0.0400320384512718,0.602974983096687,0.016430437644429,0.431746031746032,0.0168919021061847,0.338709677419355,0.0426734082429773
"confounded_blocks","grid","gaussian","hybrid",4,0.6,0.8,0,"selectboost","feature",3,10,0,21,1.73205080756888,9.33333333333333,0.577350269189626,11.6666666666667,1.52752523165195,0.666666666666667,0.577350269189626,40.3333333333333,1.52752523165195,0.445773524720893,0.0331780607060841,0.933333333333333,0.0577350269189626,0.775641025641026,0.0293754852240759,0.602729885057471,0.0349066971645297,0.431949934123847,0.0352734043348909,0.338709677419355,0.0279363033478851
"confounded_blocks","grid","gaussian","hybrid",4,0.6,0.8,2,"plain_selectboost","feature",3,10,0,27.6666666666667,2.51661147842358,9.33333333333333,1.15470053837925,18.3333333333333,1.52752523165195,0.666666666666667,1.15470053837925,33.6666666666667,1.52752523165195,0.336825396825397,0.0188160527145872,0.933333333333333,0.115470053837925,0.647435897435897,0.0293754852240759,0.494486215538847,0.03491453860678,0.328924162257496,0.0306619729289484,0.446236559139785,0.0405905077165094
"confounded_blocks","grid","gaussian","hybrid",4,0.6,0.8,2,"selectboost","feature",3,10,0,21,2.64575131106459,9,0,12,2.64575131106459,1,0,40,2.64575131106459,0.432894736842105,0.0515178209222418,0.9,0,0.769230769230769,0.0508798329050883,0.583367139959432,0.047858148176166,0.412857142857143,0.0470128076340124,0.338709677419355,0.0426734082429773
"confounded_blocks","grid","gaussian","hybrid",4,1,0.5,0,"plain_selectboost","feature",3,7,0,22,1.73205080756888,7,0,15,1.73205080756888,0,0,40,1.73205080756888,0.319565217391304,0.0263572948977872,1,0,0.727272727272727,0.0314918328648887,0.483950617283951,0.0299366806246472,0.319565217391304,0.0263572948977872,0.354838709677419,0.0279363033478851
"confounded_blocks","grid","gaussian","hybrid",4,1,0.5,0,"selectboost","feature",3,7,0,21,2.64575131106459,6.66666666666667,0.577350269189626,14.3333333333333,2.88675134594813,0.333333333333333,0.577350269189626,40.6666666666667,2.88675134594813,0.321987995901039,0.0600563232359584,0.952380952380952,0.0824786098842323,0.739393939393939,0.0524863881081478,0.480153256704981,0.0740306033540712,0.318035426731079,0.0650980000988636,0.338709677419355,0.0426734082429773
"confounded_blocks","grid","gaussian","hybrid",4,1,0.5,2,"plain_selectboost","feature",3,7,0,23.6666666666667,5.5075705472861,6.33333333333333,1.15470053837925,17.3333333333333,4.50924975282289,0.666666666666667,1.15470053837925,37.6666666666667,4.50924975282289,0.270274584929757,0.0259697512241808,0.904761904761905,0.164957219768465,0.684848484848485,0.0819863591422345,0.413500597371565,0.0334705107621066,0.261015325670498,0.0268925194279051,0.381720430107527,0.0888317830207436
"confounded_blocks","grid","gaussian","hybrid",4,1,0.5,2,"selectboost","feature",3,7,0,22.6666666666667,1.52752523165195,6.33333333333333,0.577350269189626,16.3333333333333,1.52752523165195,0.666666666666667,0.577350269189626,38.6666666666667,1.52752523165195,0.280020703933747,0.0276176430061162,0.904761904761905,0.0824786098842323,0.703030303030303,0.0277731860300354,0.427444956477215,0.0397969050502698,0.27235836627141,0.0321754992114992,0.365591397849462,0.0246375037363217
"confounded_blocks","grid","gaussian","hybrid",4,1,0.8,0,"plain_selectboost","feature",3,10,0,21,3.60555127546399,10,0,11,3.60555127546399,0,0,41,3.60555127546399,0.486482471776589,0.0901328368774093,1,0,0.788461538461538,0.0693375245281537,0.651325344952796,0.0795879742963099,0.486482471776589,0.0901328368774093,0.338709677419355,0.0581540528300644
"confounded_blocks","grid","gaussian","hybrid",4,1,0.8,0,"selectboost","feature",3,10,0,20,3.46410161513775,9.33333333333333,0.577350269189626,10.6666666666667,4.04145188432738,0.666666666666667,0.577350269189626,41.3333333333333,4.04145188432738,0.481060606060606,0.124655171756851,0.933333333333333,0.0577350269189626,0.794871794871795,0.0777202285447573,0.631410256410256,0.119356065265163,0.469202898550725,0.134924247691054,0.32258064516129,0.0558726066957703
"confounded_blocks","grid","gaussian","hybrid",4,1,0.8,2,"plain_selectboost","feature",3,10,0,24.6666666666667,5.85946527708232,8.33333333333333,1.15470053837925,16.3333333333333,4.72581562625261,1.66666666666667,1.15470053837925,35.6666666666667,4.72581562625261,0.34418901660281,0.0403816392177839,0.833333333333333,0.115470053837925,0.685897435897436,0.090881069735627,0.482674982674983,0.0195120003122676,0.318253968253968,0.0168919021061847,0.397849462365591,0.0945075044690696
"confounded_blocks","grid","gaussian","hybrid",4,1,0.8,2,"selectboost","feature",3,10,0,23,3.60555127546399,9.66666666666667,0.577350269189626,13.3333333333333,3.21455025366432,0.333333333333333,0.577350269189626,38.6666666666667,3.21455025366432,0.424971941638608,0.0473409334295021,0.966666666666667,0.0577350269189626,0.743589743589744,0.0618182741089292,0.588513513513514,0.0433855344775098,0.417829084495751,0.0431034762652713,0.370967741935484,0.0581540528300643
"confounded_blocks","grid","gaussian","interval",4,0.6,0.5,0,"plain_selectboost","feature",3,7,0,20.6666666666667,4.04145188432738,7,0,13.6666666666667,4.04145188432738,0,0,41.3333333333333,4.04145188432738,0.347254901960784,0.0659252311448312,1,0,0.751515151515152,0.0734809433514069,0.513117283950617,0.0730665469207413,0.347254901960784,0.0659252311448312,0.333333333333333,0.0651847078117319
"confounded_blocks","grid","gaussian","interval",4,0.6,0.5,0,"selectboost","feature",3,7,0,20,2.64575131106459,7,0,13,2.64575131106459,0,0,42,2.64575131106459,0.354426619132501,0.0502308097381156,1,0,0.763636363636364,0.0481045692920835,0.522030651340996,0.0537850388558102,0.354426619132501,0.0502308097381156,0.32258064516129,0.0426734082429773
"confounded_blocks","grid","gaussian","interval",4,0.6,0.5,2,"plain_selectboost","feature",3,7,0,20,2,6.33333333333333,0.577350269189626,13.6666666666667,2.08166599946613,0.666666666666667,0.577350269189626,41.3333333333333,2.08166599946613,0.318686868686869,0.0406651913806074,0.904761904761905,0.0824786098842323,0.751515151515152,0.0378484727175661,0.470770540655598,0.0529692394720854,0.308886346300534,0.0449644134498679,0.32258064516129,0.032258064516129
"confounded_blocks","grid","gaussian","interval",4,0.6,0.5,2,"selectboost","feature",3,7,0,19.3333333333333,1.15470053837925,7,0,12.3333333333333,1.15470053837925,0,0,42.6666666666667,1.15470053837925,0.362962962962963,0.0224525104684855,1,0,0.775757575757576,0.0209945552432591,0.532345679012346,0.0239493444997179,0.362962962962963,0.0224525104684855,0.311827956989247,0.0186242022319234
"confounded_blocks","grid","gaussian","interval",4,0.6,0.8,0,"plain_selectboost","feature",3,10,0,21.6666666666667,1.52752523165195,9.66666666666667,0.577350269189626,12,1,0.333333333333333,0.577350269189626,40,1,0.446442687747036,0.0103505251977656,0.966666666666667,0.0577350269189626,0.769230769230769,0.0192307692307692,0.610353535353535,0.0130411629633084,0.439299830604178,0.0135634242229975,0.349462365591398,0.0246375037363217
"confounded_blocks","grid","gaussian","interval",4,0.6,0.8,0,"selectboost","feature",3,10,0,19,1,9.66666666666667,0.577350269189626,9.33333333333333,1.15470053837925,0.333333333333333,0.577350269189626,42.6666666666667,1.15470053837925,0.509746588693957,0.0417968453068062,0.966666666666667,0.0577350269189626,0.82051282051282,0.0222057795842164,0.667214012041598,0.046800430132689,0.501851851851852,0.0528021386273454,0.306451612903226,0.0161290322580645
"confounded_blocks","grid","gaussian","interval",4,0.6,0.8,2,"plain_selectboost","feature",3,10,0,26,2.64575131106459,9.33333333333333,0.577350269189626,16.6666666666667,2.08166599946613,0.666666666666667,0.577350269189626,35.3333333333333,2.08166599946613,0.359942528735632,0.0150862889981345,0.933333333333333,0.0577350269189626,0.67948717948718,0.0400320384512718,0.518839330604037,0.00918525862247834,0.350327144120248,0.00840314506685243,0.419354838709677,0.0426734082429773
"confounded_blocks","grid","gaussian","interval",4,0.6,0.8,2,"selectboost","feature",3,10,0,22,4.35889894354067,8.33333333333333,1.15470053837925,13.6666666666667,3.21455025366432,1.66666666666667,1.15470053837925,38.3333333333333,3.21455025366432,0.382254901960784,0.0266340270259131,0.833333333333333,0.115470053837925,0.737179487179487,0.0618182741089292,0.520738665836705,0.0078035979467298,0.352051282051282,0.00714736403321351,0.354838709677419,0.0703048216700109
"confounded_blocks","grid","gaussian","interval",4,1,0.5,0,"plain_selectboost","feature",3,7,0,20.3333333333333,2.08166599946613,6.66666666666667,0.577350269189626,13.6666666666667,1.52752523165195,0.333333333333333,0.577350269189626,41.3333333333333,1.52752523165195,0.328282828282828,0.00874773135135796,0.952380952380952,0.0824786098842323,0.751515151515152,0.0277731860300354,0.487586206896552,0.0108387818244839,0.322434875066454,0.0095138384732447,0.327956989247312,0.0335752580559054
"confounded_blocks","grid","gaussian","interval",4,1,0.5,0,"selectboost","feature",3,7,0,20.3333333333333,4.04145188432738,7,0,13.3333333333333,4.04145188432738,0,0,41.6666666666667,4.04145188432738,0.352592592592593,0.0628670293117592,1,0,0.757575757575758,0.0734809433514069,0.519166666666667,0.0707254079757292,0.352592592592593,0.0628670293117592,0.327956989247312,0.0651847078117319
"confounded_blocks","grid","gaussian","interval",4,1,0.5,2,"plain_selectboost","feature",3,7,0,29,2,7,0,22,2,0,0,33,2,0.242148340405663,0.016739657711013,1,0,0.6,0.0363636363636364,0.389691549134274,0.0216829718185256,0.242148340405663,0.016739657711013,0.467741935483871,0.032258064516129
"confounded_blocks","grid","gaussian","interval",4,1,0.5,2,"selectboost","feature",3,7,0,23.6666666666667,2.08166599946613,6.33333333333333,1.15470053837925,17.3333333333333,2.08166599946613,0.666666666666667,1.15470053837925,37.6666666666667,2.08166599946613,0.268267963920138,0.0504021543714123,0.904761904761905,0.164957219768465,0.684848484848485,0.0378484727175661,0.413444792755138,0.0752955560420486,0.262470862470862,0.0593801969661777,0.381720430107527,0.0335752580559054
"confounded_blocks","grid","gaussian","interval",4,1,0.8,0,"plain_selectboost","feature",3,10,0,19.3333333333333,1.52752523165195,9,1,10.3333333333333,2.08166599946613,1,1,41.6666666666667,2.08166599946613,0.46839320523531,0.075578367024337,0.9,0.1,0.801282051282051,0.0400320384512718,0.615551671169024,0.0867203254760007,0.448532948532949,0.0937460559271014,0.311827956989247,0.0246375037363217
"confounded_blocks","grid","gaussian","interval",4,1,0.8,0,"selectboost","feature",3,10,0,19.6666666666667,2.51661147842358,10,0,9.66666666666667,2.51661147842358,0,0,42.3333333333333,2.51661147842358,0.514260249554367,0.0679761674355378,1,0,0.814102564102564,0.0483963745850689,0.677469135802469,0.0586216663988351,0.514260249554367,0.0679761674355378,0.317204301075269,0.0405905077165094
"confounded_blocks","grid","gaussian","interval",4,1,0.8,2,"plain_selectboost","feature",3,10,0,23.3333333333333,3.21455025366432,8.66666666666667,1.52752523165195,14.6666666666667,2.08166599946613,1.33333333333333,1.52752523165195,37.3333333333333,2.08166599946613,0.370931537598204,0.0378819053462125,0.866666666666667,0.152752523165195,0.717948717948718,0.0400320384512717,0.518217814588782,0.0587172472804228,0.351113794954375,0.0525359748103195,0.376344086021505,0.0518475847365213
"confounded_blocks","grid","gaussian","interval",4,1,0.8,2,"selectboost","feature",3,10,0,22.3333333333333,6.02771377334171,9,1.73205080756888,13.3333333333333,4.50924975282289,1,1.73205080756888,38.6666666666667,4.50924975282289,0.409808488612836,0.0456300077522894,0.9,0.173205080756888,0.743589743589744,0.0867163414004402,0.55694597799861,0.0429658564661544,0.386782172823363,0.0419503373802617,0.360215053763441,0.0972211898926082
"confounded_blocks","grid","gaussian","interval",8,0.6,0.5,0,"plain_selectboost","feature",3,7,0,20.6666666666667,4.72581562625261,7,0,13.6666666666667,4.72581562625261,0,0,41.3333333333333,4.72581562625261,0.349805509248234,0.0730676714829638,1,0,0.751515151515152,0.0859239204773202,0.515345765345765,0.0820258103519734,0.349805509248234,0.0730676714829638,0.333333333333333,0.0762228326814937
"confounded_blocks","grid","gaussian","interval",8,0.6,0.5,0,"selectboost","feature",3,7,0,19.3333333333333,3.21455025366432,6.66666666666667,0.577350269189626,12.6666666666667,3.78593889720018,0.333333333333333,0.577350269189626,42.3333333333333,3.78593889720018,0.353841053329544,0.0813240367426555,0.952380952380952,0.0824786098842323,0.76969696969697,0.068835252676367,0.514444444444444,0.0997960883965863,0.350217864923747,0.087541653446719,0.311827956989247,0.0518475847365213
"confounded_blocks","grid","gaussian","interval",8,0.6,0.5,2,"plain_selectboost","feature",3,7,0,26,4.58257569495584,6.66666666666667,0.577350269189626,19.3333333333333,4.50924975282289,0.333333333333333,0.577350269189626,35.6666666666667,4.50924975282289,0.261329423264907,0.0497444500401354,0.952380952380952,0.0824786098842323,0.648484848484848,0.0819863591422345,0.408726557773745,0.064197978097508,0.258252500187984,0.0519595964249453,0.419354838709677,0.0739125112089652
"confounded_blocks","grid","gaussian","interval",8,0.6,0.5,2,"selectboost","feature",3,7,0,18,1.73205080756888,6.66666666666667,0.577350269189626,11.3333333333333,2.08166599946613,0.333333333333333,0.577350269189626,43.6666666666667,2.08166599946613,0.37390350877193,0.0610402002619157,0.952380952380952,0.0824786098842323,0.793939393939394,0.037848472717566,0.536231884057971,0.073603927938658,0.368640350877193,0.0687502623179752,0.290322580645161,0.0279363033478851
"confounded_blocks","grid","gaussian","interval",8,0.6,0.8,0,"plain_selectboost","feature",3,10,0,19.6666666666667,0.577350269189626,9.66666666666667,0.577350269189626,10,1,0.333333333333333,0.577350269189626,42,1,0.492105263157895,0.0387655785859374,0.966666666666667,0.0577350269189626,0.807692307692308,0.0192307692307692,0.652107279693487,0.0465670945723786,0.484962406015038,0.0505775340115553,0.317204301075269,0.0093121011159617
"confounded_blocks","grid","gaussian","interval",8,0.6,0.8,0,"selectboost","feature",3,10,0,22,1.73205080756888,10,0,12,1.73205080756888,0,0,40,1.73205080756888,0.456521739130435,0.0376532784254104,1,0,0.769230769230769,0.0333086693763246,0.626262626262626,0.0349909254054318,0.456521739130435,0.0376532784254104,0.354838709677419,0.0279363033478851
"confounded_blocks","grid","gaussian","interval",8,0.6,0.8,2,"plain_selectboost","feature",3,10,0,25.3333333333333,3.78593889720018,9,0,16.3333333333333,3.78593889720018,1,0,35.6666666666667,3.78593889720018,0.361111111111111,0.0587247959799553,0.9,0,0.685897435897436,0.0728065172538497,0.513605286101042,0.0584100437980136,0.346954769368563,0.0540960926415857,0.408602150537634,0.061063530600003
"confounded_blocks","grid","gaussian","interval",8,0.6,0.8,2,"selectboost","feature",3,10,0,21.6666666666667,3.05505046330389,8,0,13.6666666666667,3.05505046330389,2,0,38.3333333333333,3.05505046330389,0.374001670843776,0.050883620798033,0.8,0,0.737179487179487,0.0587509704481518,0.508332009110652,0.047770282041809,0.3416915880684,0.0426601362489716,0.349462365591398,0.0492750074726434
"confounded_blocks","grid","gaussian","interval",8,1,0.5,0,"plain_selectboost","feature",3,7,0,20.6666666666667,2.08166599946613,6.33333333333333,0.577350269189626,14.3333333333333,1.52752523165195,0.666666666666667,0.577350269189626,40.6666666666667,1.52752523165195,0.306712433257056,0.00815600362357431,0.904761904761905,0.0824786098842323,0.739393939393939,0.0277731860300354,0.457549857549858,0.011635656898383,0.296687370600414,0.00974845330599882,0.333333333333333,0.0335752580559054
"confounded_blocks","grid","gaussian","interval",8,1,0.5,0,"selectboost","feature",3,7,0,19.3333333333333,1.15470053837925,7,0,12.3333333333333,1.15470053837925,0,0,42.6666666666667,1.15470053837925,0.362962962962963,0.0224525104684855,1,0,0.775757575757576,0.0209945552432591,0.532345679012346,0.0239493444997179,0.362962962962963,0.0224525104684855,0.311827956989247,0.0186242022319234
"confounded_blocks","grid","gaussian","interval",8,1,0.5,2,"plain_selectboost","feature",3,7,0,23.3333333333333,4.04145188432738,6.66666666666667,0.577350269189626,16.6666666666667,3.51188458428425,0.333333333333333,0.577350269189626,38.3333333333333,3.51188458428425,0.288905133203379,0.0283661036456258,0.952380952380952,0.0824786098842323,0.696969696969697,0.0638524469869863,0.44163869021554,0.0263433175949637,0.283641975308642,0.0215232140390261,0.376344086021505,0.0651847078117319
"confounded_blocks","grid","gaussian","interval",8,1,0.5,2,"selectboost","feature",3,7,0,21,2.64575131106459,6.66666666666667,0.577350269189626,14.3333333333333,3.05505046330389,0.333333333333333,0.577350269189626,40.6666666666667,3.05505046330389,0.322646757429366,0.0641263484863292,0.952380952380952,0.0824786098842323,0.739393939393939,0.0555463720600708,0.480919540229885,0.0800158525712445,0.319023569023569,0.0694482704792367,0.338709677419355,0.0426734082429773
"confounded_blocks","grid","gaussian","interval",8,1,0.8,0,"plain_selectboost","feature",3,10,0,22,3.46410161513775,9.33333333333333,0.577350269189626,12.6666666666667,3.21455025366432,0.666666666666667,0.577350269189626,39.3333333333333,3.21455025366432,0.430555555555556,0.0636468846521644,0.933333333333333,0.0577350269189626,0.756410256410256,0.0618182741089292,0.586834733893557,0.0567356557437789,0.416783625730994,0.0568421955092779,0.354838709677419,0.0558726066957702
"confounded_blocks","grid","gaussian","interval",8,1,0.8,0,"selectboost","feature",3,10,0,19.3333333333333,3.78593889720018,9,0,10.3333333333333,3.78593889720018,1,0,41.6666666666667,3.78593889720018,0.479220779220779,0.105050405943216,0.9,0,0.801282051282051,0.0728065172538496,0.621048387096774,0.0861735341718984,0.454298418972332,0.0941263886647738,0.311827956989247,0.0610635306000029
"confounded_blocks","grid","gaussian","interval",8,1,0.8,2,"plain_selectboost","feature",3,10,0,26.6666666666667,6.42910050732864,9.66666666666667,0.577350269189626,17,6.08276253029822,0.333333333333333,0.577350269189626,35,6.08276253029822,0.3732917409388,0.0686713250345305,0.966666666666667,0.0577350269189626,0.673076923076923,0.116976202505735,0.535093582887701,0.0709336103367766,0.367362887183859,0.0646874076229168,0.43010752688172,0.103695169473042
"confounded_blocks","grid","gaussian","interval",8,1,0.8,2,"selectboost","feature",3,10,0,23.6666666666667,2.08166599946613,9.33333333333333,0.577350269189626,14.3333333333333,2.51661147842358,0.666666666666667,0.577350269189626,37.6666666666667,2.51661147842358,0.397334549508463,0.0544468336239817,0.933333333333333,0.0577350269189626,0.724358974358974,0.0483963745850689,0.556818181818182,0.0632700495776139,0.387626262626263,0.0615845878699859,0.381720430107527,0.0335752580559054
"confounded_blocks","grid","gaussian","neighborhood",4,0.6,0.5,0,"plain_selectboost","feature",3,7,0,20.3333333333333,2.51661147842358,7,0,13.3333333333333,2.51661147842358,0,0,41.6666666666667,2.51661147842358,0.347745571658615,0.0423155959461745,1,0,0.757575757575758,0.0457565723349743,0.515061728395062,0.0467625900292745,0.347745571658615,0.0423155959461745,0.327956989247312,0.0405905077165094
"confounded_blocks","grid","gaussian","neighborhood",4,0.6,0.5,0,"selectboost","feature",3,7,0,20.3333333333333,5.77350269189626,6.66666666666667,0.577350269189626,13.6666666666667,5.5075705472861,0.333333333333333,0.577350269189626,41.3333333333333,5.5075705472861,0.341321713870733,0.0769138267527977,0.952380952380952,0.0824786098842323,0.751515151515152,0.100137646314293,0.498366013071895,0.0857959842668306,0.334785766158315,0.0762630971260716,0.327956989247312,0.0931210111596171
"confounded_blocks","grid","gaussian","neighborhood",4,0.6,0.5,2,"plain_selectboost","feature",3,7,0,26,5.29150262212918,7,0,19,5.29150262212918,0,0,36,5.29150262212918,0.277777777777778,0.063098981620003,1,0,0.654545454545455,0.096209138584167,0.432298965632299,0.0754468826745801,0.277777777777778,0.063098981620003,0.419354838709677,0.0853468164859545
"confounded_blocks","grid","gaussian","neighborhood",4,0.6,0.5,2,"selectboost","feature",3,7,0,19.6666666666667,4.04145188432738,6.66666666666667,0.577350269189626,13,4,0.333333333333333,0.577350269189626,42,4,0.348318713450292,0.0781693920764209,0.952380952380952,0.0824786098842323,0.763636363636364,0.0727272727272727,0.507282338979394,0.0879666087033696,0.343055555555556,0.0818973499322532,0.317204301075269,0.0651847078117319
"confounded_blocks","grid","gaussian","neighborhood",4,0.6,0.8,0,"plain_selectboost","feature",3,10,0,19,1,9.33333333333333,0.577350269189626,9.66666666666667,0.577350269189626,0.666666666666667,0.577350269189626,42.3333333333333,0.577350269189626,0.491228070175439,0.0151934281365691,0.933333333333333,0.0577350269189626,0.814102564102564,0.0111028897921081,0.643404488232074,0.0229933922400601,0.474561403508772,0.0250115393497952,0.306451612903226,0.0161290322580645
"confounded_blocks","grid","gaussian","neighborhood",4,0.6,0.8,0,"selectboost","feature",3,10,0,21.6666666666667,1.15470053837925,10,0,11.6666666666667,1.15470053837925,0,0,40.3333333333333,1.15470053837925,0.462387853692201,0.023906843444705,1,0,0.775641025641026,0.0222057795842164,0.632127728901922,0.0225747905841496,0.462387853692201,0.023906843444705,0.349462365591398,0.0186242022319234
"confounded_blocks","grid","gaussian","neighborhood",4,0.6,0.8,2,"plain_selectboost","feature",3,10,0,24.3333333333333,3.78593889720018,9,1,15.3333333333333,3.05505046330389,1,1,36.6666666666667,3.05505046330389,0.372649572649573,0.034906970695149,0.9,0.1,0.705128205128205,0.0587509704481518,0.525125125125125,0.035258546297443,0.356560106560107,0.0321822684227397,0.39247311827957,0.061063530600003
"confounded_blocks","grid","gaussian","neighborhood",4,0.6,0.8,2,"selectboost","feature",3,10,0,18.3333333333333,0.577350269189626,7.33333333333333,0.577350269189626,11,0,2.66666666666667,0.577350269189626,41,0,0.399610136452242,0.0185697455002511,0.733333333333333,0.0577350269189626,0.788461538461538,0,0.517241379310345,0.0298629449580841,0.349206349206349,0.0274928699614108,0.295698924731183,0.0093121011159617
"confounded_blocks","grid","gaussian","neighborhood",4,1,0.5,0,"plain_selectboost","feature",3,7,0,23,4.58257569495584,6.66666666666667,0.577350269189626,16.3333333333333,4.16333199893227,0.333333333333333,0.577350269189626,38.6666666666667,4.16333199893227,0.294657097288676,0.0386926747813656,0.952380952380952,0.0824786098842323,0.703030303030303,0.0756969454351321,0.448099027409372,0.0429850103745033,0.289393939393939,0.035306606659791,0.370967741935484,0.0739125112089652
"confounded_blocks","grid","gaussian","neighborhood",4,1,0.5,0,"selectboost","feature",3,7,0,22,1,7,0,15,1,0,0,40,1,0.318620992534036,0.0144977433818569,1,0,0.727272727272727,0.0181818181818182,0.483141762452107,0.0166699692856759,0.318620992534036,0.0144977433818569,0.354838709677419,0.0161290322580645
"confounded_blocks","grid","gaussian","neighborhood",4,1,0.5,2,"plain_selectboost","feature",3,7,0,26.6666666666667,2.08166599946613,6.66666666666667,0.577350269189626,20,2.64575131106459,0.333333333333333,0.577350269189626,35,2.64575131106459,0.252042440318302,0.0394665367819089,0.952380952380952,0.0824786098842323,0.636363636363636,0.0481045692920835,0.398358585858586,0.0567023229526059,0.24974358974359,0.0434144287452243,0.43010752688172,0.0335752580559054
"confounded_blocks","grid","gaussian","neighborhood",4,1,0.5,2,"selectboost","feature",3,7,0,21.6666666666667,0.577350269189626,6.66666666666667,0.577350269189626,15,1,0.333333333333333,0.577350269189626,40,1,0.308080808080808,0.031540393931305,0.952380952380952,0.0824786098842323,0.727272727272727,0.0181818181818182,0.46551724137931,0.0456164019149067,0.304128238910848,0.0382214172962535,0.349462365591398,0.00931210111596173
"confounded_blocks","grid","gaussian","neighborhood",4,1,0.8,0,"plain_selectboost","feature",3,10,0,19.3333333333333,2.08166599946613,8.66666666666667,0.577350269189626,10.6666666666667,1.52752523165195,1.33333333333333,0.577350269189626,41.3333333333333,1.52752523165195,0.449719887955182,0.0210098038748864,0.866666666666667,0.0577350269189626,0.794871794871795,0.0293754852240759,0.591079251294305,0.00976576145434827,0.419571656413762,0.00982433841984522,0.311827956989247,0.0335752580559054
"confounded_blocks","grid","gaussian","neighborhood",4,1,0.8,0,"selectboost","feature",3,10,0,18.6666666666667,2.08166599946613,8.66666666666667,0.577350269189626,10,2,1.33333333333333,0.577350269189626,42,2,0.467475879240585,0.0542220304811989,0.866666666666667,0.0577350269189626,0.807692307692308,0.0384615384615384,0.606246799795187,0.0525276747700243,0.436363636363636,0.0552978411845293,0.301075268817204,0.0335752580559054
"confounded_blocks","grid","gaussian","neighborhood",4,1,0.8,2,"plain_selectboost","feature",3,10,0,23.6666666666667,5.03322295684717,9,1,14.6666666666667,4.50924975282289,1,1,37.3333333333333,4.50924975282289,0.388779294563245,0.0735450971697536,0.9,0.1,0.717948717948718,0.0867163414004403,0.539452884280471,0.0717298284950518,0.371609195402299,0.0690140633734998,0.381720430107527,0.0811810154330188
"confounded_blocks","grid","gaussian","neighborhood",4,1,0.8,2,"selectboost","feature",3,10,0,22.6666666666667,5.85946527708232,8.66666666666667,0.577350269189626,14,6.2449979983984,1.33333333333333,0.577350269189626,38,6.2449979983984,0.406265432098765,0.139001692874067,0.866666666666667,0.0577350269189626,0.730769230769231,0.120096115353815,0.546341946341946,0.132870196748709,0.383809226608415,0.130901901477372,0.365591397849462,0.0945075044690696
"localized_dense","grid","gaussian","hybrid",4,0.6,0.5,0,"plain_selectboost","feature",3,7,0,17.6666666666667,1.52752523165195,6,0,11.6666666666667,1.52752523165195,1,0,43.3333333333333,1.52752523165195,0.341374269005848,0.0304132223139104,0.857142857142857,0,0.787878787878788,0.0277731860300354,0.487759197324415,0.03084127090816,0.322910216718266,0.0271794182708218,0.28494623655914,0.0246375037363217
"localized_dense","grid","gaussian","hybrid",4,0.6,0.5,0,"selectboost","feature",3,7,0,17.6666666666667,2.51661147842358,5.66666666666667,0.577350269189626,12,2,1.33333333333333,0.577350269189626,43,2,0.322222222222222,0.0192450089729875,0.80952380952381,0.0824786098842322,0.781818181818182,0.0363636363636364,0.4596632996633,0.0183219441300245,0.298540468819107,0.015517739754842,0.28494623655914,0.0405905077165094
"localized_dense","grid","gaussian","hybrid",4,0.6,0.5,2,"plain_selectboost","feature",3,7,0,21,4,6,1,15,3.60555127546399,1,1,40,3.60555127546399,0.289150326797386,0.0468645226233293,0.857142857142857,0.142857142857143,0.727272727272727,0.0655554777357089,0.430555555555556,0.0636468846521644,0.275753486279802,0.0524293379553161,0.338709677419355,0.0645161290322581
"localized_dense","grid","gaussian","hybrid",4,0.6,0.5,2,"selectboost","feature",3,7,0,20.3333333333333,1.15470053837925,6,1,14.3333333333333,0.577350269189626,1,1,40.6666666666667,0.577350269189626,0.29406850459482,0.0358258674058339,0.857142857142857,0.142857142857143,0.739393939393939,0.0104972776216296,0.437728937728938,0.0582348465039731,0.281385281385281,0.0482057520591344,0.327956989247312,0.0186242022319234
"localized_dense","grid","gaussian","hybrid",4,0.6,0.8,0,"plain_selectboost","feature",3,11,0,18.6666666666667,4.16333199893227,9.33333333333333,2.08166599946613,9.33333333333333,2.08166599946613,1.66666666666667,2.08166599946613,41.6666666666667,2.08166599946613,0.5,0,0.848484848484849,0.18924236358783,0.816993464052288,0.0408169803816889,0.623942652329749,0.0564102596443906,0.455026455026455,0.0585009110780317,0.301075268817204,0.0671505161118107
"localized_dense","grid","gaussian","hybrid",4,0.6,0.8,0,"selectboost","feature",3,11,0,19.6666666666667,3.78593889720018,10.3333333333333,0.577350269189626,9.33333333333333,3.21455025366432,0.666666666666667,0.577350269189626,41.6666666666667,3.21455025366432,0.534041394335512,0.0675705128266307,0.939393939393939,0.0524863881081478,0.816993464052288,0.0630303971306729,0.677504105090312,0.0441301600008699,0.513401559454191,0.0498810898658407,0.317204301075269,0.0610635306000029
"localized_dense","grid","gaussian","hybrid",4,0.6,0.8,2,"plain_selectboost","feature",3,11,0,23.6666666666667,6.65832811847939,9,1,14.6666666666667,5.85946527708232,2,1,36.3333333333333,5.85946527708232,0.397266313932981,0.0922739541290094,0.818181818181818,0.0909090909090909,0.712418300653595,0.114891476021222,0.526815614534913,0.0655284952170215,0.359398496240601,0.060557830491618,0.381720430107527,0.107392389007732
"localized_dense","grid","gaussian","hybrid",4,0.6,0.8,2,"selectboost","feature",3,11,0,20.3333333333333,3.78593889720018,8,2,12.3333333333333,2.08166599946613,3,2,38.6666666666667,2.08166599946613,0.391139657444005,0.038220589389967,0.727272727272727,0.181818181818182,0.758169934640523,0.0408169803816889,0.505842741136859,0.0741587568009459,0.340793650793651,0.0679073888046846,0.327956989247312,0.061063530600003
"localized_dense","grid","gaussian","hybrid",4,1,0.5,0,"plain_selectboost","feature",3,7,0,17,1.73205080756888,6.33333333333333,0.577350269189626,10.6666666666667,1.52752523165195,0.666666666666667,0.577350269189626,44.3333333333333,1.52752523165195,0.374074074074074,0.0357172250407147,0.904761904761905,0.0824786098842323,0.806060606060606,0.0277731860300353,0.528484848484849,0.0426142929242351,0.359892787524366,0.0388207679909149,0.274193548387097,0.0279363033478851
"localized_dense","grid","gaussian","hybrid",4,1,0.5,0,"selectboost","feature",3,7,0,15,3.60555127546399,5,1,10,3,2,1,45,3,0.338804713804714,0.0531554159844323,0.714285714285714,0.142857142857143,0.818181818181818,0.0545454545454545,0.455394524959742,0.0616038324069442,0.296218487394958,0.0522682995992636,0.241935483870968,0.0581540528300643
"localized_dense","grid","gaussian","hybrid",4,1,0.5,2,"plain_selectboost","feature",3,7,0,17.3333333333333,4.16333199893227,5.33333333333333,1.52752523165195,12,2.64575131106459,1.66666666666667,1.52752523165195,43,2.64575131106459,0.305465367965368,0.0173392532142988,0.761904761904762,0.218217890235992,0.781818181818182,0.0481045692920835,0.432831203445896,0.0509311653037452,0.277084571202218,0.0414481981092337,0.279569892473118,0.0671505161118107
"localized_dense","grid","gaussian","hybrid",4,1,0.5,2,"selectboost","feature",3,7,0,17,3,5.66666666666667,0.577350269189626,11.3333333333333,3.05505046330389,1.33333333333333,0.577350269189626,43.6666666666667,3.05505046330389,0.340896358543417,0.0759857812182229,0.80952380952381,0.0824786098842322,0.793939393939394,0.0555463720600707,0.477513227513228,0.0825104241997391,0.316290726817043,0.0733664058414754,0.274193548387097,0.0483870967741935
"localized_dense","grid","gaussian","hybrid",4,1,0.8,0,"plain_selectboost","feature",3,11,0,22,2,9.66666666666667,0.577350269189626,12.3333333333333,1.52752523165195,1.33333333333333,0.577350269189626,38.6666666666667,1.52752523165195,0.44040404040404,0.0206824194236801,0.878787878787879,0.0524863881081477,0.758169934640523,0.0299514751304303,0.586044779593167,0.0179363141155288,0.414624505928854,0.0180394841221249,0.354838709677419,0.032258064516129
"localized_dense","grid","gaussian","hybrid",4,1,0.8,0,"selectboost","feature",3,11,0,20.6666666666667,2.51661147842358,9.66666666666667,1.15470053837925,11,1.73205080756888,1.33333333333333,1.15470053837925,40,1.73205080756888,0.468944099378882,0.0366143668402224,0.878787878787879,0.104972776216296,0.784313725490196,0.0339617805405662,0.610082826233942,0.0432657748603565,0.439855072463768,0.0443570607037765,0.333333333333333,0.0405905077165094
"localized_dense","grid","gaussian","hybrid",4,1,0.8,2,"plain_selectboost","feature",3,11,0,20.6666666666667,0.577350269189626,8.33333333333333,1.15470053837925,12.3333333333333,0.577350269189626,2.66666666666667,1.15470053837925,38.6666666666667,0.577350269189626,0.402380952380952,0.0453632354363277,0.757575757575758,0.104972776216296,0.758169934640523,0.011320593513522,0.525537634408602,0.0640206951722367,0.358091787439614,0.0575258420388214,0.333333333333333,0.0093121011159617
"localized_dense","grid","gaussian","hybrid",4,1,0.8,2,"selectboost","feature",3,11,0,22.6666666666667,4.04145188432738,9,0,13.6666666666667,4.04145188432738,2,0,37.3333333333333,4.04145188432738,0.405369484316853,0.0702494052214795,0.818181818181818,0,0.73202614379085,0.0792441545946545,0.539712918660287,0.0633533296384132,0.371305418719212,0.0591998289124214,0.365591397849462,0.0651847078117319
"localized_dense","grid","gaussian","interval",4,0.6,0.5,0,"plain_selectboost","feature",3,7,0,21.6666666666667,3.51188458428425,6.33333333333333,0.577350269189626,15.3333333333333,3.05505046330389,0.666666666666667,0.577350269189626,39.6666666666667,3.05505046330389,0.295353535353535,0.0330918710778881,0.904761904761905,0.0824786098842323,0.721212121212121,0.0555463720600708,0.443764367816092,0.0335450445797012,0.285553012967201,0.0278778774525855,0.349462365591398,0.0566432997465201
"localized_dense","grid","gaussian","interval",4,0.6,0.5,0,"selectboost","feature",3,7,0,15,3,5.33333333333333,1.52752523165195,9.66666666666667,1.52752523165195,1.66666666666667,1.52752523165195,45.3333333333333,1.52752523165195,0.351851851851852,0.0320750149549792,0.761904761904762,0.218217890235992,0.824242424242424,0.0277731860300353,0.478532695374801,0.0725129891104878,0.316557734204793,0.0641267185701373,0.241935483870968,0.0483870967741936
"localized_dense","grid","gaussian","interval",4,0.6,0.5,2,"plain_selectboost","feature",3,7,0,22.3333333333333,3.78593889720018,6.33333333333333,1.15470053837925,16,2.64575131106459,0.666666666666667,1.15470053837925,39,2.64575131106459,0.283148148148148,0.00746045817721618,0.904761904761905,0.164957219768465,0.709090909090909,0.0481045692920835,0.429704301075269,0.026674943976378,0.273888888888889,0.0214950468023923,0.360215053763441,0.0610635306000029
"localized_dense","grid","gaussian","interval",4,0.6,0.5,2,"selectboost","feature",3,7,0,20.3333333333333,1.52752523165195,6.33333333333333,1.15470053837925,14,1.73205080756888,0.666666666666667,1.15470053837925,41,1.73205080756888,0.312200956937799,0.0594366423387791,0.904761904761905,0.164957219768465,0.745454545454545,0.0314918328648887,0.463863509840521,0.0856237648556995,0.304625199362041,0.0715440345051256,0.327956989247312,0.0246375037363217
"localized_dense","grid","gaussian","interval",4,0.6,0.8,0,"plain_selectboost","feature",3,11,0,20.3333333333333,1.15470053837925,9.66666666666667,1.15470053837925,10.6666666666667,1.15470053837925,1.33333333333333,1.15470053837925,40.3333333333333,1.15470053837925,0.475355054302423,0.0476410273329432,0.878787878787879,0.104972776216296,0.790849673202614,0.0226411870270442,0.616666666666667,0.0641450179930861,0.447895100069013,0.0683334370986146,0.327956989247312,0.0186242022319234
"localized_dense","grid","gaussian","interval",4,0.6,0.8,0,"selectboost","feature",3,11,0,18.3333333333333,1.52752523165195,9,1,9.33333333333333,1.15470053837925,2,1,41.6666666666667,1.15470053837925,0.491285403050109,0.0431488067981228,0.818181818181818,0.0909090909090909,0.816993464052288,0.0226411870270441,0.613247523703586,0.0532932690081427,0.443609022556391,0.0542767113476384,0.295698924731183,0.0246375037363217
"localized_dense","grid","gaussian","interval",4,0.6,0.8,2,"plain_selectboost","feature",3,11,0,21.6666666666667,2.88675134594813,8.33333333333333,0.577350269189626,13.3333333333333,3.21455025366432,2.66666666666667,0.577350269189626,37.6666666666667,3.21455025366432,0.39,0.06557438524302,0.757575757575758,0.0524863881081478,0.738562091503268,0.0630303971306729,0.51373954599761,0.0681317917772199,0.347543760587239,0.0616887962282325,0.349462365591398,0.0465605055798085
"localized_dense","grid","gaussian","interval",4,0.6,0.8,2,"selectboost","feature",3,11,0,21,2.64575131106459,8,1,13,3,3,1,38,3,0.385672514619883,0.0766745616661043,0.727272727272727,0.0909090909090909,0.745098039215686,0.0588235294117647,0.502918586789554,0.0841204237434888,0.33884479717813,0.0777400132076042,0.338709677419355,0.0426734082429773
"localized_dense","grid","gaussian","interval",4,1,0.5,0,"plain_selectboost","feature",3,7,0,19.3333333333333,4.72581562625261,6.33333333333333,1.15470053837925,13,3.60555127546399,0.666666666666667,1.15470053837925,42,3.60555127546399,0.331608005521049,0.0264397691573368,0.904761904761905,0.164957219768465,0.763636363636364,0.0655554777357089,0.480952380952381,0.0171692917879238,0.316727053140097,0.0149479393653219,0.311827956989247,0.0762228326814937
"localized_dense","grid","gaussian","interval",4,1,0.5,0,"selectboost","feature",3,7,0,16.6666666666667,4.16333199893227,5.66666666666667,0.577350269189626,11,3.60555127546399,1.33333333333333,0.577350269189626,44,3.60555127546399,0.35,0.0600925212577332,0.80952380952381,0.0824786098842322,0.8,0.0655554777357089,0.483586744639376,0.0410533535421319,0.319548872180451,0.0358623759931183,0.268817204301075,0.0671505161118107
"localized_dense","grid","gaussian","interval",4,1,0.5,2,"plain_selectboost","feature",3,7,0,21,1.73205080756888,5.66666666666667,0.577350269189626,15.3333333333333,2.08166599946613,1.33333333333333,0.577350269189626,39.6666666666667,2.08166599946613,0.271929824561403,0.0442637610410779,0.80952380952381,0.0824786098842322,0.721212121212121,0.0378484727175661,0.406719717064545,0.0586760743520321,0.256400966183575,0.0459964208111698,0.338709677419355,0.0279363033478851
"localized_dense","grid","gaussian","interval",4,1,0.5,2,"selectboost","feature",3,7,0,19.6666666666667,2.51661147842358,5.66666666666667,0.577350269189626,14,2.64575131106459,1.33333333333333,0.577350269189626,41,2.64575131106459,0.291889483065954,0.0540797021264456,0.80952380952381,0.0824786098842322,0.745454545454545,0.0481045692920835,0.428054491272882,0.0659810624838037,0.273825208607817,0.0542042393289555,0.317204301075269,0.0405905077165094
"localized_dense","grid","gaussian","interval",4,1,0.8,0,"plain_selectboost","feature",3,11,0,18.6666666666667,1.52752523165195,8.66666666666667,1.15470053837925,10,1.73205080756888,2.33333333333333,1.15470053837925,41,1.73205080756888,0.465634674922601,0.0633034200328523,0.787878787878788,0.104972776216296,0.803921568627451,0.0339617805405662,0.584741423451101,0.0761466930671635,0.415942028985507,0.0773294004171252,0.301075268817204,0.0246375037363217
"localized_dense","grid","gaussian","interval",4,1,0.8,0,"selectboost","feature",3,11,0,23,5.29150262212918,10,1,13,4.58257569495584,1,1,38,4.58257569495584,0.444732520957566,0.0748233644608033,0.909090909090909,0.0909090909090909,0.745098039215686,0.0898544253912909,0.593055555555556,0.0640547364311123,0.423538230884558,0.0664888383804336,0.370967741935484,0.0853468164859545
"localized_dense","grid","gaussian","interval",4,1,0.8,2,"plain_selectboost","feature",3,11,0,21.3333333333333,1.52752523165195,8,1,13.3333333333333,2.51661147842358,3,1,37.6666666666667,2.51661147842358,0.378433402346446,0.0728587529491943,0.727272727272727,0.0909090909090909,0.738562091503268,0.0493453231063448,0.497469955724225,0.0844686503842037,0.333894500561167,0.0749174012116793,0.344086021505376,0.0246375037363217
"localized_dense","grid","gaussian","interval",4,1,0.8,2,"selectboost","feature",3,11,0,24.6666666666667,1.15470053837925,9.33333333333333,1.52752523165195,15.3333333333333,0.577350269189626,1.66666666666667,1.52752523165195,35.6666666666667,0.577350269189626,0.377136752136752,0.0449099349508199,0.848484848484849,0.138865930150177,0.699346405228758,0.0113205935135221,0.522007722007722,0.0690504676636545,0.355175688509022,0.0638700012629824,0.397849462365591,0.0186242022319234
"localized_dense","grid","gaussian","interval",8,0.6,0.5,0,"plain_selectboost","feature",3,7,0,16.6666666666667,4.50924975282289,5.33333333333333,0.577350269189626,11.3333333333333,4.04145188432738,1.66666666666667,0.577350269189626,43.6666666666667,4.04145188432738,0.332166199813259,0.0733000736309634,0.761904761904762,0.0824786098842322,0.793939393939394,0.0734809433514069,0.45718462823726,0.0601645155338647,0.297676008202324,0.0517215896987716,0.268817204301075,0.0727298347229499
"localized_dense","grid","gaussian","interval",8,0.6,0.5,0,"selectboost","feature",3,7,0,16,2.64575131106459,5.33333333333333,0.577350269189626,10.6666666666667,2.08166599946613,1.66666666666667,0.577350269189626,44.3333333333333,2.08166599946613,0.335421888053467,0.0207556528802086,0.761904761904762,0.0824786098842322,0.806060606060606,0.037848472717566,0.464091464091464,0.0110460448591382,0.302205882352941,0.00938760686382625,0.258064516129032,0.0426734082429773
"localized_dense","grid","gaussian","interval",8,0.6,0.5,2,"plain_selectboost","feature",3,7,0,17.6666666666667,4.16333199893227,5.66666666666667,1.52752523165195,12,2.64575131106459,1.33333333333333,1.52752523165195,43,2.64575131106459,0.31893837156995,0.013107334488829,0.80952380952381,0.218217890235992,0.781818181818182,0.0481045692920834,0.453846153846154,0.0504418348023231,0.294444444444444,0.041943524640393,0.28494623655914,0.0671505161118107
"localized_dense","grid","gaussian","interval",8,0.6,0.5,2,"selectboost","feature",3,7,0,18,1.73205080756888,5.33333333333333,0.577350269189626,12.6666666666667,1.52752523165195,1.66666666666667,0.577350269189626,42.3333333333333,1.52752523165195,0.297149122807018,0.0294831790783964,0.761904761904762,0.0824786098842322,0.76969696969697,0.0277731860300354,0.426978818283166,0.0390507912778974,0.271957671957672,0.0313600878576454,0.290322580645161,0.0279363033478851
"localized_dense","grid","gaussian","interval",8,0.6,0.8,0,"plain_selectboost","feature",3,11,0,22.6666666666667,4.16333199893227,10.3333333333333,1.15470053837925,12.3333333333333,3.05505046330389,0.666666666666667,1.15470053837925,38.6666666666667,3.05505046330389,0.460470085470085,0.0385060283994447,0.93939393939394,0.104972776216296,0.758169934640523,0.0599029502608606,0.614618559446146,0.0177834182389233,0.443803418803419,0.0184269321900431,0.365591397849462,0.0671505161118107
"localized_dense","grid","gaussian","interval",8,0.6,0.8,0,"selectboost","feature",3,11,0,20,2.64575131106459,10,1,10,1.73205080756888,1,1,41,1.73205080756888,0.50186741363212,0.0266597414290742,0.909090909090909,0.0909090909090909,0.803921568627451,0.0339617805405662,0.64484126984127,0.0209040749064539,0.476076555023923,0.0228215119956207,0.32258064516129,0.0426734082429773
"localized_dense","grid","gaussian","interval",8,0.6,0.8,2,"plain_selectboost","feature",3,11,0,22.3333333333333,2.08166599946613,8,1.73205080756888,14.3333333333333,0.577350269189626,3,1.73205080756888,36.6666666666667,0.577350269189626,0.355434782608696,0.0486951669230481,0.727272727272727,0.157459164324443,0.718954248366013,0.011320593513522,0.476931417728382,0.0781658284328983,0.315384615384615,0.0656510409026211,0.360215053763441,0.0335752580559054
"localized_dense","grid","gaussian","interval",8,0.6,0.8,2,"selectboost","feature",3,11,0,22.3333333333333,1.15470053837925,9,1,13.3333333333333,0.577350269189626,2,1,37.6666666666667,0.577350269189626,0.402346445824707,0.0285634259304001,0.818181818181818,0.0909090909090909,0.738562091503268,0.0113205935135221,0.53921568627451,0.0449272126956455,0.37,0.0425571511160124,0.360215053763441,0.0186242022319234
"localized_dense","grid","gaussian","interval",8,1,0.5,0,"plain_selectboost","feature",3,7,0,17.6666666666667,3.51188458428425,5.66666666666667,0.577350269189626,12,3,1.33333333333333,0.577350269189626,43,3,0.325396825396825,0.0363696483726654,0.80952380952381,0.0824786098842322,0.781818181818182,0.0545454545454545,0.461587301587302,0.0286559596098965,0.300338915470494,0.0239688812945923,0.28494623655914,0.0566432997465201
"localized_dense","grid","gaussian","interval",8,1,0.5,0,"selectboost","feature",3,7,0,17.6666666666667,3.78593889720018,5.66666666666667,0.577350269189626,12,3.46410161513775,1.33333333333333,0.577350269189626,43,3.46410161513775,0.327020202020202,0.0514278077131725,0.80952380952381,0.0824786098842322,0.781818181818182,0.0629836657297774,0.463359229476171,0.0545100739032695,0.302642796248934,0.0466240713175629,0.28494623655914,0.061063530600003
"localized_dense","grid","gaussian","interval",8,1,0.5,2,"plain_selectboost","feature",3,7,0,21,5.56776436283002,5.66666666666667,0.577350269189626,15.3333333333333,5.5075705472861,1.33333333333333,0.577350269189626,39.6666666666667,5.5075705472861,0.282407407407407,0.0813814621816988,0.80952380952381,0.0824786098842322,0.721212121212121,0.100137646314293,0.415016892425247,0.0928341061481286,0.264833206009677,0.0765795434214443,0.338709677419355,0.0898026510133875
"localized_dense","grid","gaussian","interval",8,1,0.5,2,"selectboost","feature",3,7,0,20.6666666666667,4.04145188432738,5.66666666666667,0.577350269189626,15,3.60555127546399,1.33333333333333,0.577350269189626,40,3.60555127546399,0.278039215686274,0.0330739620630992,0.80952380952381,0.0824786098842322,0.727272727272727,0.0655554777357089,0.412037037037037,0.0349529372003275,0.259880470406786,0.0276187598998979,0.333333333333333,0.0651847078117319
"localized_dense","grid","gaussian","interval",8,1,0.8,0,"plain_selectboost","feature",3,11,0,19.6666666666667,4.50924975282289,8.66666666666667,1.52752523165195,11,3,2.33333333333333,1.52752523165195,40,3,0.444444444444444,0.0254587538608658,0.787878787878788,0.138865930150177,0.784313725490196,0.0588235294117647,0.563511757060144,0.022178175557254,0.392503987240829,0.0213460057521277,0.317204301075269,0.0727298347229499
"localized_dense","grid","gaussian","interval",8,1,0.8,0,"selectboost","feature",3,11,0,17.3333333333333,4.93288286231625,8.66666666666667,1.15470053837925,8.66666666666667,3.78593889720018,2.33333333333333,1.15470053837925,42.3333333333333,3.78593889720018,0.513181504485852,0.0705166784330148,0.787878787878788,0.104972776216296,0.830065359477124,0.074234096023533,0.614539969834087,0.0258926874493774,0.443899782135076,0.0269649102276396,0.279569892473118,0.0795626268115524
"localized_dense","grid","gaussian","interval",8,1,0.8,2,"plain_selectboost","feature",3,11,0,21.6666666666667,3.05505046330389,8.66666666666667,0.577350269189626,13,3,2.33333333333333,0.577350269189626,38,3,0.404878863826232,0.0605010939387252,0.787878787878788,0.0524863881081478,0.745098039215686,0.0588235294117647,0.533333333333333,0.0577350269189626,0.365079365079365,0.0549857399228215,0.349462365591398,0.0492750074726434
"localized_dense","grid","gaussian","interval",8,1,0.8,2,"selectboost","feature",3,11,0,23.6666666666667,4.72581562625261,9.33333333333333,0.577350269189626,14.3333333333333,4.93288286231625,1.66666666666667,0.577350269189626,36.6666666666667,4.93288286231625,0.40496342737722,0.0819736229470504,0.848484848484849,0.0524863881081477,0.718954248366013,0.09672319337875,0.545568589116976,0.0837347157848816,0.378065366143908,0.0770656419064575,0.381720430107527,0.0762228326814937
"localized_dense","grid","gaussian","neighborhood",4,0.6,0.5,0,"plain_selectboost","feature",3,7,0,21.6666666666667,6.42910050732864,6,1,15.6666666666667,5.5075705472861,1,1,39.3333333333333,5.5075705472861,0.283762143695954,0.038270686425412,0.857142857142857,0.142857142857143,0.715151515151515,0.100137646314293,0.422364672364672,0.0366584308617031,0.268179068360557,0.0296311567835551,0.349462365591398,0.103695169473043
"localized_dense","grid","gaussian","neighborhood",4,0.6,0.5,0,"selectboost","feature",3,7,0,21,1.73205080756888,6.33333333333333,1.15470053837925,14.6666666666667,1.52752523165195,0.666666666666667,1.15470053837925,40.3333333333333,1.52752523165195,0.301449275362319,0.0500629723171475,0.904761904761905,0.164957219768465,0.733333333333333,0.0277731860300354,0.451851851851852,0.0751769745562387,0.293873517786561,0.0620304700816251,0.338709677419355,0.0279363033478851
"localized_dense","grid","gaussian","neighborhood",4,0.6,0.5,2,"plain_selectboost","feature",3,7,0,24.3333333333333,8.9628864398325,6.33333333333333,1.15470053837925,18,7.81024967590665,0.666666666666667,1.15470053837925,37,7.81024967590665,0.277285166940339,0.0692756988407793,0.904761904761905,0.164957219768465,0.672727272727273,0.142004539561939,0.414485914485914,0.0536955064149873,0.262404214559387,0.0435703480098716,0.39247311827957,0.144562684513427
"localized_dense","grid","gaussian","neighborhood",4,0.6,0.5,2,"selectboost","feature",3,7,0,18.3333333333333,2.08166599946613,6.33333333333333,1.15470053837925,12,1,0.666666666666667,1.15470053837925,43,1,0.343640350877193,0.0284978049080955,0.904761904761905,0.164957219768465,0.781818181818182,0.0181818181818182,0.497254221891903,0.0550132516092115,0.332066276803119,0.0479089202532493,0.295698924731183,0.0335752580559054
"localized_dense","grid","gaussian","neighborhood",4,0.6,0.8,0,"plain_selectboost","feature",3,11,0,20,1,9.66666666666667,0.577350269189626,10.3333333333333,0.577350269189626,1.33333333333333,0.577350269189626,40.6666666666667,0.577350269189626,0.483291562238931,0.0145240924400282,0.878787878787879,0.0524863881081477,0.797385620915033,0.0113205935135221,0.623387096774193,0.0226238066759767,0.453102453102453,0.0238422967414983,0.32258064516129,0.0161290322580645
"localized_dense","grid","gaussian","neighborhood",4,0.6,0.8,0,"selectboost","feature",3,11,0,18.3333333333333,3.05505046330389,9.33333333333333,1.15470053837925,9,2,1.66666666666667,1.15470053837925,42,2,0.511946532999165,0.0311638120154634,0.848484848484849,0.104972776216296,0.823529411764706,0.0392156862745098,0.635683760683761,0.027259296628575,0.466329966329966,0.0295932589751632,0.295698924731183,0.0492750074726434
"localized_dense","grid","gaussian","neighborhood",4,0.6,0.8,2,"plain_selectboost","feature",3,11,0,25.6666666666667,4.50924975282289,9,1,16.6666666666667,5.5075705472861,2,1,34.3333333333333,5.5075705472861,0.363003663003663,0.105773313908786,0.818181818181818,0.0909090909090909,0.673202614379085,0.107991579358551,0.500576796308504,0.118010630701962,0.33946608946609,0.107204786276819,0.413978494623656,0.0727298347229499
"localized_dense","grid","gaussian","neighborhood",4,0.6,0.8,2,"selectboost","feature",3,11,0,21,4.35889894354067,9,2,12,3,2,2,39,3,0.430253623188406,0.052010424709984,0.818181818181818,0.181818181818182,0.764705882352941,0.0588235294117647,0.559954352111215,0.0754643681726742,0.391471571906355,0.0751863343031239,0.338709677419355,0.0703048216700109
"localized_dense","grid","gaussian","neighborhood",4,1,0.5,0,"plain_selectboost","feature",3,7,0,16.3333333333333,3.78593889720018,5,1,11.3333333333333,3.05505046330389,2,1,43.6666666666667,3.05505046330389,0.309941520467836,0.0405158083641843,0.714285714285714,0.142857142857143,0.793939393939394,0.0555463720600707,0.428556005398111,0.0481329583240043,0.273517126148705,0.0392975210067375,0.263440860215054,0.061063530600003
"localized_dense","grid","gaussian","neighborhood",4,1,0.5,0,"selectboost","feature",3,7,0,18,4.35889894354067,6,1,12,3.46410161513775,1,1,43,3.46410161513775,0.339316239316239,0.0426237868027066,0.857142857142857,0.142857142857143,0.781818181818182,0.0629836657297773,0.481481481481481,0.0320750149549792,0.317460317460317,0.0274928699614107,0.290322580645161,0.0703048216700109
"localized_dense","grid","gaussian","neighborhood",4,1,0.5,2,"plain_selectboost","feature",3,7,0,21.6666666666667,2.51661147842358,6,1,15.6666666666667,2.08166599946613,1,1,39.3333333333333,2.08166599946613,0.277113237639553,0.0361697909766399,0.857142857142857,0.142857142857143,0.715151515151515,0.0378484727175661,0.418156926499529,0.0559604636572604,0.265425685425685,0.0456980764038869,0.349462365591398,0.0405905077165094
"localized_dense","grid","gaussian","neighborhood",4,1,0.5,2,"selectboost","feature",3,7,0,19.3333333333333,2.08166599946613,5,1,14.3333333333333,2.51661147842358,2,1,40.6666666666667,2.51661147842358,0.261531279178338,0.0616057606225561,0.714285714285714,0.142857142857143,0.739393939393939,0.0457565723349743,0.382275132275132,0.0847696823810165,0.238512949039265,0.0632345942625882,0.311827956989247,0.0335752580559054
"localized_dense","grid","gaussian","neighborhood",4,1,0.8,0,"plain_selectboost","feature",3,11,0,20,2.64575131106459,9,1.73205080756888,11,1,2,1.73205080756888,40,1,0.447500212206095,0.0327856149807198,0.818181818181818,0.157459164324443,0.784313725490196,0.0196078431372549,0.577020202020202,0.0673703109694651,0.407553798858147,0.065031920208931,0.32258064516129,0.0426734082429773
"localized_dense","grid","gaussian","neighborhood",4,1,0.8,0,"selectboost","feature",3,11,0,16.6666666666667,4.72581562625261,8.66666666666667,1.15470053837925,8,3.60555127546399,2.33333333333333,1.15470053837925,43,3.60555127546399,0.534421134421134,0.0804250980619006,0.787878787878788,0.104972776216296,0.843137254901961,0.0706970838326273,0.629370629370629,0.0326340326340327,0.459742351046699,0.0351972511987027,0.268817204301075,0.0762228326814937
"localized_dense","grid","gaussian","neighborhood",4,1,0.8,2,"plain_selectboost","feature",3,11,0,22,7.54983443527075,8,1,14,6.557438524302,3,1,37,6.557438524302,0.382539682539683,0.0833446704306354,0.727272727272727,0.0909090909090909,0.725490196078431,0.128577225966706,0.49249530956848,0.050141568536183,0.327668128654971,0.0438607912862978,0.354838709677419,0.121771523149528
"localized_dense","grid","gaussian","neighborhood",4,1,0.8,2,"selectboost","feature",3,11,0,21,1,9,1,12,1.73205080756888,2,1,39,1.73205080756888,0.43001443001443,0.0622208099923532,0.818181818181818,0.0909090909090909,0.764705882352941,0.0339617805405662,0.563538611925709,0.0742510952587854,0.39484126984127,0.0734663038951334,0.338709677419355,0.0161290322580645
